student_id,first_name,last_name
1,Student_1,Name_1
2,Student_2,Name_2
3,Student_3,Name_3
4,Student_4,Name_4
5,Student_5,Name_5
6,Student_6,Name_6
7,Student_7,Name_7
8,Student_8,Name_8
9,Student_9,Name_9
10,Student_10,Name_10
11,Student_11,Name_11
12,Student_12,Name_12
13,Student_13,Name_13
14,Student_14,Name_14
15,Student_15,Name_15
16,Student_16,Name_16
17,Student_17,Name_17
18,Student_18,Name_18
19,Student_19,Name_19
20,Student_20,Name_20
21,Student_21,Name_21
22,Student_22,Name_22
23,Student_23,Name_23
24,Student_24,Name_24
25,Student_25,Name_25
26,Student_26,Name_26
27,Student_27,Name_27
28,Student_28,Name_28
29,Student_29,Name_29
30,Student_30,Name_30
31,Student_31,Name_31
32,Student_32,Name_32
33,Student_33,Name_33
34,Student_34,Name_34
35,Student_35,Name_35
36,Student_36,Name_36
37,Student_37,Name_37
38,Student_38,Name_38
39,Student_39,Name_39
40,Student_40,Name_40
41,Student_41,Name_41
42,Student_42,Name_42
43,Student_43,Name_43
44,Student_44,Name_44
45,Student_45,Name_45
46,Student_46,Name_46
47,Student_47,Name_47
48,Student_48,Name_48
49,Student_49,Name_49
50,Student_50,Name_50
51,Student_51,Name_51
52,Student_52,Name_52
53,Student_53,Name_53
54,Student_54,Name_54
55,Student_55,Name_55
56,Student_56,Name_56
57,Student_57,Name_57
58,Student_58,Name_58
59,Student_59,Name_59
60,Student_60,Name_60
61,Student_61,Name_61
62,Student_62,Name_62
63,Student_63,Name_63
64,Student_64,Name_64
65,Student_65,Name_65
66,Student_66,Name_66
67,Student_67,Name_67
68,Student_68,Name_68
69,Student_69,Name_69
70,Student_70,Name_70
71,Student_71,Name_71
72,Student_72,Name_72
73,Student_73,Name_73
74,Student_74,Name_74
75,Student_75,Name_75
76,Student_76,Name_76
77,Student_77,Name_77
78,Student_78,Name_78
79,Student_79,Name_79
80,Student_80,Name_80
81,Student_81,Name_81
82,Student_82,Name_82
83,Student_83,Name_83
84,Student_84,Name_84
85,Student_85,Name_85
86,Student_86,Name_86
87,Student_87,Name_87
88,Student_88,Name_88
89,Student_89,Name_89
90,Student_90,Name_90
91,Student_91,Name_91
92,Student_92,Name_92
93,Student_93,Name_93
94,Student_94,Name_94
95,Student_95,Name_95
96,Student_96,Name_96
97,Student_97,Name_97
98,Student_98,Name_98
99,Student_99,Name_99
100,Student_100,Name_100
